PromptID,Temp,HP,HR,HF1,UP,UR,UF1
0,0.5,1.0,1.0,1.0,0.20246666666666668,-0.21106666666666668,-0.028933333333333342
1,0.5,1.0,1.0,1.0,0.20246666666666668,-0.21106666666666668,-0.028933333333333342
2,0.5,1.0,1.0,1.0,0.20246666666666668,-0.21106666666666668,-0.028933333333333342
