PromptID,Temp,HP,HR,HF1,UP,UR,UF1
0,0.5,1.0,1.0,1.0,0.41220000000000007,0.04546666666666666,0.2166666666666667
1,0.5,1.0,1.0,1.0,0.41220000000000007,0.04546666666666666,0.2166666666666667
2,0.5,1.0,1.0,1.0,0.41220000000000007,0.04546666666666666,0.2166666666666667
